,defect_id,product_id,defect_type,defect_date,defect_location,severity,inspection_method,repair_cost
0,1,15,Structural,6/6/2024,Component,Minor,Visual Inspection,245.47
1,2,6,Functional,4/26/2024,Component,Minor,Visual Inspection,26.87
2,3,84,Structural,2/15/2024,Internal,Minor,Automated Testing,835.81
3,4,10,Functional,3/28/2024,Internal,Critical,Automated Testing,444.47
4,5,14,Cosmetic,4/26/2024,Component,Minor,Manual Testing,823.64
5,6,17,Functional,5/11/2024,Internal,Moderate,Visual Inspection,788.11
6,7,85,Cosmetic,5/23/2024,Internal,Critical,Manual Testing,33.68
7,8,90,Structural,1/15/2024,Internal,Moderate,Manual Testing,65.56
8,9,30,Structural,1/26/2024,Component,Critical,Manual Testing,848.61
9,10,20,Structural,6/5/2024,Component,Critical,Visual Inspection,478.48
10,11,45,Structural,4/28/2024,Surface,Moderate,Automated Testing,217.96
11,12,86,Structural,2/25/2024,Component,Minor,Manual Testing,485.02
12,13,87,Cosmetic,6/20/2024,Component,Minor,Visual Inspection,714.63
13,14,72,Cosmetic,5/8/2024,Surface,Critical,Manual Testing,603.94
14,15,74,Cosmetic,5/3/2024,Component,Critical,Manual Testing,189.55
15,16,10,Functional,1/20/2024,Component,Minor,Automated Testing,458.79
16,17,53,Structural,5/14/2024,Internal,Minor,Visual Inspection,509.35
17,18,63,Cosmetic,5/21/2024,Component,Critical,Visual Inspection,538.99
18,19,28,Functional,2/15/2024,Internal,Critical,Manual Testing,34.93
19,20,81,Structural,5/25/2024,Internal,Moderate,Manual Testing,557.11
20,21,67,Functional,5/3/2024,Surface,Minor,Visual Inspection,831.43
21,22,6,Structural,3/6/2024,Surface,Minor,Visual Inspection,504.9
22,23,33,Structural,5/6/2024,Surface,Moderate,Automated Testing,349.23
23,24,15,Structural,2/23/2024,Component,Critical,Visual Inspection,560.39
24,25,13,Cosmetic,2/19/2024,Surface,Moderate,Manual Testing,629.71
25,26,39,Structural,6/15/2024,Component,Moderate,Visual Inspection,975.44
26,27,60,Cosmetic,5/8/2024,Component,Moderate,Manual Testing,737.54
27,28,42,Structural,1/2/2024,Component,Critical,Manual Testing,592.87
28,29,3,Structural,1/13/2024,Component,Moderate,Automated Testing,99.82
29,30,17,Functional,1/22/2024,Surface,Critical,Visual Inspection,106.34
30,31,30,Structural,4/30/2024,Surface,Critical,Automated Testing,352.58
31,32,25,Structural,3/29/2024,Surface,Moderate,Visual Inspection,734.12
32,33,14,Cosmetic,5/15/2024,Internal,Minor,Visual Inspection,953.54
33,34,58,Structural,6/19/2024,Surface,Critical,Manual Testing,753.89
34,35,48,Functional,4/4/2024,Component,Critical,Automated Testing,955.91
35,36,20,Structural,6/4/2024,Surface,Critical,Automated Testing,776.91
36,37,68,Cosmetic,1/20/2024,Internal,Critical,Manual Testing,607.96
37,38,51,Functional,6/8/2024,Internal,Moderate,Automated Testing,107.7
38,39,12,Functional,6/25/2024,Internal,Critical,Manual Testing,27.24
39,40,92,Cosmetic,1/6/2024,Surface,Critical,Visual Inspection,370.83
40,41,63,Functional,3/11/2024,Component,Minor,Manual Testing,526.08
41,42,49,Functional,5/18/2024,Surface,Critical,Automated Testing,144.38
42,43,72,Cosmetic,3/23/2024,Surface,Moderate,Visual Inspection,534.33
43,44,24,Structural,5/18/2024,Surface,Minor,Visual Inspection,456.8
44,45,64,Functional,5/27/2024,Surface,Minor,Automated Testing,215.01
45,46,36,Structural,4/24/2024,Surface,Moderate,Manual Testing,824.3
46,47,79,Structural,2/14/2024,Component,Critical,Manual Testing,769.28
47,48,36,Structural,1/3/2024,Component,Moderate,Manual Testing,160.25
48,49,65,Functional,2/24/2024,Component,Minor,Automated Testing,386.17
49,50,9,Functional,1/6/2024,Component,Moderate,Manual Testing,572.08
50,51,10,Structural,6/26/2024,Internal,Minor,Visual Inspection,433.85
51,52,7,Structural,5/19/2024,Surface,Minor,Manual Testing,338.1
52,53,81,Functional,1/3/2024,Surface,Critical,Automated Testing,93.13
53,54,62,Cosmetic,5/14/2024,Component,Moderate,Visual Inspection,308.37
54,55,29,Structural,3/23/2024,Internal,Critical,Automated Testing,396.58
55,56,73,Structural,1/19/2024,Surface,Minor,Automated Testing,957.6
56,57,86,Structural,3/6/2024,Internal,Moderate,Automated Testing,205.19
57,58,5,Cosmetic,5/25/2024,Component,Critical,Manual Testing,300.27
58,59,79,Structural,3/10/2024,Internal,Critical,Automated Testing,671.22
59,60,87,Functional,2/18/2024,Surface,Minor,Visual Inspection,395.1
60,61,60,Structural,6/11/2024,Component,Critical,Visual Inspection,675.89
61,62,43,Cosmetic,3/8/2024,Component,Moderate,Visual Inspection,523.02
62,63,52,Structural,1/2/2024,Surface,Critical,Manual Testing,337.5
63,64,2,Cosmetic,1/11/2024,Surface,Minor,Automated Testing,830.89
64,65,22,Functional,4/16/2024,Component,Critical,Visual Inspection,84.97
65,66,31,Functional,5/24/2024,Internal,Minor,Visual Inspection,771.96
66,67,87,Functional,3/15/2024,Internal,Minor,Automated Testing,46.43
67,68,11,Cosmetic,4/16/2024,Internal,Minor,Automated Testing,31.91
68,69,33,Cosmetic,5/19/2024,Component,Moderate,Automated Testing,845.8
69,70,17,Functional,2/19/2024,Component,Minor,Manual Testing,729.55
70,71,71,Cosmetic,3/5/2024,Surface,Moderate,Automated Testing,187.03
71,72,35,Structural,6/29/2024,Component,Moderate,Automated Testing,470.35
72,73,15,Functional,5/20/2024,Internal,Minor,Visual Inspection,662.35
73,74,43,Functional,4/4/2024,Component,Critical,Visual Inspection,509.97
74,75,2,Functional,1/3/2024,Component,Critical,Manual Testing,352.33
75,76,36,Functional,3/27/2024,Surface,Minor,Manual Testing,228.22
76,77,64,Functional,2/6/2024,Component,Critical,Manual Testing,632.45
77,78,28,Functional,6/20/2024,Component,Critical,Automated Testing,975.87
78,79,69,Structural,3/23/2024,Internal,Moderate,Visual Inspection,967.14
79,80,75,Structural,1/11/2024,Surface,Moderate,Automated Testing,992.69
80,81,69,Functional,3/14/2024,Surface,Minor,Manual Testing,827.74
81,82,74,Structural,4/2/2024,Component,Critical,Automated Testing,270.97
82,83,69,Structural,4/11/2024,Surface,Critical,Visual Inspection,712.98
83,84,11,Structural,6/24/2024,Component,Critical,Manual Testing,556.05
84,85,92,Structural,4/27/2024,Component,Minor,Manual Testing,200.11
85,86,70,Structural,1/14/2024,Component,Moderate,Automated Testing,660.05
86,87,22,Structural,1/21/2024,Component,Moderate,Manual Testing,220.96
87,88,9,Functional,2/9/2024,Component,Critical,Visual Inspection,776.54
88,89,6,Functional,5/1/2024,Surface,Moderate,Visual Inspection,920.26
89,90,58,Structural,2/17/2024,Internal,Moderate,Visual Inspection,492.22
90,91,98,Cosmetic,3/7/2024,Surface,Critical,Manual Testing,513.45
91,92,93,Functional,6/30/2024,Component,Moderate,Automated Testing,286.28
92,93,10,Functional,4/1/2024,Surface,Minor,Automated Testing,698.89
93,94,72,Cosmetic,2/2/2024,Internal,Critical,Visual Inspection,555.25
94,95,36,Cosmetic,5/16/2024,Component,Moderate,Manual Testing,465.92
95,96,11,Structural,3/8/2024,Component,Critical,Manual Testing,732.13
96,97,56,Structural,3/15/2024,Component,Moderate,Automated Testing,582.46
97,98,67,Cosmetic,3/10/2024,Component,Moderate,Visual Inspection,647.7
98,99,67,Structural,4/8/2024,Component,Critical,Visual Inspection,536.57
99,100,8,Functional,4/24/2024,Surface,Minor,Visual Inspection,673.85
100,101,27,Structural,1/25/2024,Internal,Minor,Manual Testing,871.1
101,102,79,Structural,6/25/2024,Internal,Critical,Visual Inspection,973.66
102,103,87,Functional,5/31/2024,Internal,Critical,Visual Inspection,787.42
103,104,1,Structural,6/25/2024,Surface,Minor,Manual Testing,338.48
104,105,49,Structural,4/30/2024,Component,Critical,Visual Inspection,922.07
105,106,9,Functional,5/14/2024,Surface,Moderate,Manual Testing,137.41
106,107,63,Structural,6/28/2024,Surface,Critical,Automated Testing,17.89
107,108,97,Cosmetic,1/26/2024,Surface,Moderate,Manual Testing,210.3
108,109,1,Cosmetic,2/22/2024,Component,Critical,Automated Testing,978.5
109,110,44,Functional,3/5/2024,Surface,Minor,Visual Inspection,381.15
110,111,27,Structural,5/6/2024,Component,Moderate,Manual Testing,302.42
111,112,9,Cosmetic,1/12/2024,Component,Minor,Automated Testing,813.46
112,113,67,Cosmetic,4/8/2024,Surface,Minor,Automated Testing,998.27
113,114,83,Functional,1/25/2024,Component,Critical,Manual Testing,498.47
114,115,66,Functional,4/30/2024,Internal,Moderate,Visual Inspection,362.23
115,116,36,Cosmetic,1/9/2024,Internal,Critical,Visual Inspection,194.79
116,117,64,Cosmetic,1/11/2024,Surface,Moderate,Visual Inspection,677.65
117,118,66,Structural,4/10/2024,Surface,Critical,Manual Testing,310.8
118,119,99,Structural,3/5/2024,Surface,Minor,Visual Inspection,717.21
119,120,80,Functional,3/8/2024,Component,Critical,Manual Testing,641.58
120,121,86,Structural,6/9/2024,Internal,Minor,Manual Testing,520.84
121,122,51,Structural,4/16/2024,Surface,Critical,Manual Testing,271.18
122,123,79,Cosmetic,2/4/2024,Internal,Minor,Manual Testing,657.81
123,124,100,Functional,3/27/2024,Internal,Moderate,Manual Testing,620.66
124,125,86,Cosmetic,3/10/2024,Surface,Critical,Visual Inspection,533.03
125,126,29,Structural,2/1/2024,Surface,Minor,Visual Inspection,21.77
126,127,68,Cosmetic,5/19/2024,Surface,Minor,Manual Testing,302.22
127,128,92,Cosmetic,3/2/2024,Internal,Moderate,Automated Testing,895.38
128,129,14,Cosmetic,6/20/2024,Surface,Critical,Visual Inspection,241.61
129,130,72,Cosmetic,4/6/2024,Internal,Critical,Automated Testing,878.46
130,131,61,Functional,5/15/2024,Internal,Critical,Visual Inspection,268.08
131,132,63,Structural,4/23/2024,Surface,Critical,Visual Inspection,492.32
132,133,86,Structural,3/20/2024,Surface,Moderate,Manual Testing,379.78
133,134,98,Cosmetic,2/3/2024,Surface,Moderate,Visual Inspection,498.71
134,135,61,Cosmetic,2/15/2024,Internal,Moderate,Automated Testing,379.01
135,136,67,Functional,2/21/2024,Internal,Minor,Automated Testing,79.52
136,137,2,Functional,4/19/2024,Internal,Critical,Automated Testing,602.25
137,138,11,Structural,3/5/2024,Component,Critical,Automated Testing,575.71
138,139,58,Cosmetic,6/24/2024,Surface,Critical,Visual Inspection,760.33
139,140,68,Functional,4/4/2024,Internal,Critical,Manual Testing,955.54
140,141,28,Cosmetic,1/6/2024,Internal,Minor,Visual Inspection,679.88
141,142,63,Structural,3/25/2024,Internal,Critical,Visual Inspection,71.91
142,143,100,Functional,5/27/2024,Internal,Moderate,Manual Testing,916.79
143,144,45,Cosmetic,6/18/2024,Internal,Moderate,Manual Testing,558.34
144,145,25,Structural,1/16/2024,Internal,Minor,Manual Testing,23.02
145,146,43,Cosmetic,4/26/2024,Internal,Minor,Visual Inspection,346.23
146,147,45,Structural,4/5/2024,Internal,Critical,Automated Testing,926.31
147,148,84,Cosmetic,1/29/2024,Internal,Critical,Automated Testing,783.88
148,149,41,Cosmetic,1/25/2024,Surface,Moderate,Automated Testing,747.18
149,150,53,Functional,3/22/2024,Surface,Critical,Manual Testing,415.84
150,151,61,Structural,6/7/2024,Component,Minor,Visual Inspection,502.15
151,152,97,Structural,1/27/2024,Internal,Moderate,Manual Testing,94.7
152,153,63,Cosmetic,1/9/2024,Surface,Minor,Manual Testing,426.04
153,154,75,Cosmetic,5/3/2024,Surface,Moderate,Automated Testing,380.52
154,155,10,Structural,1/24/2024,Component,Minor,Visual Inspection,935.64
155,156,56,Functional,5/21/2024,Internal,Minor,Manual Testing,595.9
156,157,96,Functional,5/7/2024,Surface,Minor,Manual Testing,788.22
157,158,96,Functional,1/16/2024,Surface,Critical,Visual Inspection,465.74
158,159,77,Structural,5/19/2024,Internal,Moderate,Automated Testing,661.8
159,160,91,Structural,5/17/2024,Surface,Moderate,Manual Testing,532.77
160,161,56,Cosmetic,5/21/2024,Component,Minor,Visual Inspection,612.03
161,162,56,Functional,2/9/2024,Component,Moderate,Manual Testing,614.11
162,163,12,Cosmetic,1/30/2024,Surface,Minor,Manual Testing,238.39
163,164,6,Structural,4/20/2024,Internal,Minor,Visual Inspection,986.51
164,165,30,Cosmetic,5/6/2024,Component,Critical,Automated Testing,796.76
165,166,34,Functional,2/15/2024,Component,Minor,Visual Inspection,105.27
166,167,99,Cosmetic,1/27/2024,Surface,Moderate,Automated Testing,950.97
167,168,14,Structural,6/29/2024,Surface,Critical,Visual Inspection,517.41
168,169,70,Cosmetic,6/3/2024,Surface,Critical,Manual Testing,789.62
169,170,4,Functional,5/16/2024,Internal,Moderate,Visual Inspection,942.03
170,171,74,Cosmetic,4/26/2024,Surface,Moderate,Manual Testing,352.05
171,172,25,Cosmetic,1/2/2024,Component,Critical,Automated Testing,10.22
172,173,74,Cosmetic,3/29/2024,Component,Moderate,Automated Testing,932.23
173,174,51,Functional,5/29/2024,Surface,Critical,Automated Testing,715.22
174,175,6,Structural,2/19/2024,Internal,Moderate,Manual Testing,999.64
175,176,13,Structural,3/9/2024,Surface,Critical,Manual Testing,952.49
176,177,34,Structural,1/21/2024,Internal,Minor,Manual Testing,174.76
177,178,51,Functional,1/17/2024,Internal,Minor,Visual Inspection,755.15
178,179,44,Structural,4/23/2024,Surface,Moderate,Automated Testing,532.6
179,180,64,Structural,1/7/2024,Component,Minor,Manual Testing,854.25
180,181,91,Functional,2/29/2024,Internal,Minor,Automated Testing,383.83
181,182,80,Functional,1/27/2024,Internal,Moderate,Manual Testing,80.0
182,183,8,Structural,2/2/2024,Component,Critical,Visual Inspection,970.31
183,184,14,Functional,2/9/2024,Internal,Moderate,Visual Inspection,517.63
184,185,64,Structural,1/15/2024,Surface,Moderate,Automated Testing,81.33
185,186,21,Structural,3/29/2024,Component,Critical,Manual Testing,540.92
186,187,13,Cosmetic,4/27/2024,Internal,Critical,Visual Inspection,280.77
187,188,56,Structural,6/2/2024,Internal,Moderate,Automated Testing,87.28
188,189,95,Cosmetic,2/23/2024,Surface,Minor,Manual Testing,306.56
189,190,4,Functional,6/22/2024,Surface,Critical,Automated Testing,86.46
190,191,80,Cosmetic,1/12/2024,Surface,Critical,Manual Testing,13.03
191,192,95,Functional,3/21/2024,Component,Critical,Visual Inspection,525.07
192,193,28,Cosmetic,5/21/2024,Component,Critical,Manual Testing,219.71
193,194,1,Structural,3/3/2024,Component,Critical,Visual Inspection,192.21
194,195,17,Structural,2/18/2024,Component,Moderate,Automated Testing,924.13
195,196,18,Structural,6/21/2024,Component,Minor,Manual Testing,65.23
196,197,76,Cosmetic,5/28/2024,Internal,Moderate,Automated Testing,481.7
197,198,28,Cosmetic,4/14/2024,Surface,Minor,Manual Testing,561.27
198,199,75,Structural,1/30/2024,Internal,Moderate,Visual Inspection,169.54
199,200,78,Cosmetic,4/4/2024,Surface,Moderate,Visual Inspection,629.38
200,201,8,Cosmetic,1/4/2024,Surface,Critical,Automated Testing,783.36
201,202,97,Structural,5/25/2024,Surface,Moderate,Automated Testing,102.88
202,203,22,Structural,4/5/2024,Component,Minor,Manual Testing,269.04
203,204,82,Functional,1/20/2024,Surface,Moderate,Visual Inspection,257.33
204,205,17,Structural,5/28/2024,Component,Critical,Automated Testing,824.37
205,206,59,Functional,5/29/2024,Surface,Minor,Manual Testing,303.59
206,207,69,Functional,4/22/2024,Internal,Critical,Automated Testing,793.3
207,208,22,Functional,1/31/2024,Surface,Critical,Manual Testing,929.05
208,209,76,Functional,5/20/2024,Internal,Moderate,Manual Testing,473.36
209,210,59,Functional,1/25/2024,Surface,Minor,Automated Testing,478.17
210,211,61,Structural,3/12/2024,Component,Critical,Manual Testing,430.49
211,212,69,Functional,5/7/2024,Surface,Moderate,Automated Testing,460.93
212,213,75,Cosmetic,1/30/2024,Internal,Moderate,Visual Inspection,917.3
213,214,42,Structural,1/2/2024,Surface,Minor,Manual Testing,520.21
214,215,38,Functional,1/7/2024,Internal,Critical,Manual Testing,575.58
215,216,5,Structural,1/13/2024,Internal,Moderate,Visual Inspection,296.41
216,217,10,Cosmetic,5/28/2024,Surface,Critical,Automated Testing,622.98
217,218,21,Functional,5/10/2024,Internal,Critical,Visual Inspection,484.08
218,219,92,Cosmetic,4/26/2024,Component,Critical,Manual Testing,479.31
219,220,29,Functional,4/5/2024,Surface,Minor,Manual Testing,624.22
220,221,49,Functional,6/11/2024,Component,Critical,Manual Testing,777.18
221,222,28,Functional,2/12/2024,Component,Critical,Automated Testing,842.93
222,223,87,Cosmetic,1/26/2024,Surface,Critical,Manual Testing,974.99
223,224,51,Functional,4/24/2024,Component,Critical,Manual Testing,989.81
224,225,64,Structural,4/23/2024,Component,Moderate,Visual Inspection,484.04
225,226,77,Cosmetic,6/4/2024,Internal,Minor,Automated Testing,38.39
226,227,23,Functional,6/23/2024,Surface,Minor,Visual Inspection,334.53
227,228,89,Functional,2/4/2024,Component,Moderate,Manual Testing,580.74
228,229,30,Functional,3/24/2024,Surface,Critical,Manual Testing,638.28
229,230,88,Structural,1/28/2024,Component,Minor,Manual Testing,727.86
230,231,47,Structural,3/11/2024,Internal,Moderate,Manual Testing,117.74
231,232,74,Functional,5/25/2024,Component,Critical,Automated Testing,891.94
232,233,53,Structural,3/17/2024,Surface,Minor,Visual Inspection,440.58
233,234,39,Structural,2/17/2024,Internal,Minor,Automated Testing,310.96
234,235,4,Cosmetic,1/28/2024,Internal,Critical,Manual Testing,430.74
235,236,29,Cosmetic,5/5/2024,Surface,Minor,Automated Testing,47.99
236,237,31,Cosmetic,6/30/2024,Component,Moderate,Visual Inspection,728.13
237,238,75,Structural,2/6/2024,Component,Critical,Visual Inspection,890.35
238,239,88,Functional,3/12/2024,Surface,Minor,Manual Testing,356.55
239,240,14,Structural,5/4/2024,Internal,Moderate,Visual Inspection,271.51
240,241,80,Structural,3/19/2024,Surface,Minor,Manual Testing,288.31
241,242,13,Functional,2/8/2024,Component,Critical,Automated Testing,663.49
242,243,5,Functional,6/18/2024,Internal,Moderate,Manual Testing,711.77
243,244,67,Structural,6/4/2024,Surface,Moderate,Visual Inspection,822.12
244,245,35,Cosmetic,5/27/2024,Component,Critical,Visual Inspection,889.52
245,246,81,Structural,3/30/2024,Surface,Minor,Automated Testing,471.55
246,247,24,Cosmetic,4/22/2024,Internal,Critical,Automated Testing,136.69
247,248,65,Structural,3/27/2024,Component,Minor,Automated Testing,148.61
248,249,13,Structural,5/16/2024,Surface,Moderate,Manual Testing,768.39
249,250,65,Cosmetic,6/7/2024,Component,Moderate,Manual Testing,545.52
250,251,33,Structural,1/29/2024,Component,Moderate,Automated Testing,978.58
251,252,92,Cosmetic,5/16/2024,Internal,Critical,Visual Inspection,62.59
252,253,25,Functional,5/1/2024,Component,Minor,Automated Testing,146.53
253,254,33,Functional,5/2/2024,Surface,Minor,Automated Testing,168.3
254,255,63,Cosmetic,1/2/2024,Internal,Critical,Manual Testing,225.2
255,256,23,Structural,6/18/2024,Surface,Minor,Manual Testing,875.37
256,257,47,Structural,6/3/2024,Surface,Minor,Manual Testing,772.77
257,258,78,Structural,5/7/2024,Component,Minor,Automated Testing,617.12
258,259,74,Functional,3/20/2024,Surface,Moderate,Manual Testing,900.61
259,260,70,Structural,3/3/2024,Surface,Minor,Manual Testing,159.25
260,261,59,Functional,3/2/2024,Internal,Minor,Manual Testing,16.62
261,262,77,Functional,2/25/2024,Surface,Minor,Automated Testing,906.96
262,263,96,Functional,5/3/2024,Internal,Minor,Manual Testing,446.61
263,264,39,Structural,1/29/2024,Surface,Minor,Manual Testing,406.06
264,265,54,Structural,6/8/2024,Component,Minor,Automated Testing,286.25
265,266,74,Structural,6/22/2024,Surface,Critical,Manual Testing,319.6
266,267,57,Functional,6/4/2024,Surface,Moderate,Manual Testing,798.16
267,268,48,Functional,1/5/2024,Component,Critical,Manual Testing,674.23
268,269,99,Cosmetic,3/9/2024,Component,Minor,Manual Testing,940.48
269,270,71,Functional,4/5/2024,Internal,Critical,Visual Inspection,42.63
270,271,37,Cosmetic,6/26/2024,Surface,Critical,Automated Testing,433.02
271,272,65,Structural,4/9/2024,Internal,Minor,Manual Testing,606.91
272,273,94,Structural,6/15/2024,Surface,Moderate,Automated Testing,129.41
273,274,83,Cosmetic,2/5/2024,Surface,Critical,Manual Testing,444.1
274,275,71,Functional,5/29/2024,Surface,Moderate,Manual Testing,634.26
275,276,46,Cosmetic,1/13/2024,Surface,Moderate,Manual Testing,672.89
276,277,56,Functional,5/22/2024,Internal,Minor,Visual Inspection,557.67
277,278,34,Functional,6/22/2024,Internal,Minor,Manual Testing,272.53
278,279,19,Structural,2/17/2024,Internal,Minor,Visual Inspection,503.24
279,280,27,Functional,4/23/2024,Surface,Critical,Visual Inspection,611.37
280,281,69,Cosmetic,1/24/2024,Surface,Minor,Visual Inspection,501.54
281,282,90,Structural,5/20/2024,Surface,Minor,Manual Testing,290.23
282,283,63,Cosmetic,1/30/2024,Internal,Moderate,Manual Testing,195.84
283,284,86,Structural,4/9/2024,Internal,Moderate,Visual Inspection,88.05
284,285,82,Structural,5/17/2024,Surface,Critical,Manual Testing,97.99
285,286,65,Structural,6/19/2024,Internal,Critical,Visual Inspection,349.24
286,287,14,Structural,1/31/2024,Internal,Critical,Manual Testing,421.51
287,288,48,Structural,5/26/2024,Internal,Critical,Manual Testing,422.77
288,289,61,Structural,2/7/2024,Internal,Minor,Automated Testing,925.03
289,290,35,Structural,2/27/2024,Internal,Minor,Automated Testing,319.58
290,291,67,Functional,4/22/2024,Surface,Moderate,Automated Testing,556.42
291,292,16,Structural,2/4/2024,Surface,Minor,Automated Testing,818.54
292,293,44,Structural,1/2/2024,Internal,Moderate,Automated Testing,320.62
293,294,80,Cosmetic,3/31/2024,Internal,Moderate,Manual Testing,178.82
294,295,83,Structural,2/29/2024,Surface,Critical,Manual Testing,237.65
295,296,93,Structural,3/14/2024,Component,Moderate,Manual Testing,658.16
296,297,43,Structural,1/23/2024,Surface,Minor,Visual Inspection,326.58
297,298,87,Cosmetic,2/14/2024,Surface,Minor,Manual Testing,301.61
298,299,56,Cosmetic,5/26/2024,Surface,Minor,Visual Inspection,357.56
299,300,3,Functional,4/26/2024,Internal,Critical,Manual Testing,358.21
300,301,22,Structural,5/3/2024,Surface,Moderate,Manual Testing,89.91
301,302,85,Cosmetic,5/6/2024,Internal,Minor,Automated Testing,18.42
302,303,80,Functional,4/25/2024,Component,Moderate,Visual Inspection,294.31
303,304,17,Functional,4/24/2024,Internal,Minor,Visual Inspection,865.96
304,305,35,Cosmetic,6/12/2024,Component,Minor,Visual Inspection,578.28
305,306,39,Structural,2/13/2024,Surface,Critical,Visual Inspection,495.87
306,307,30,Functional,6/19/2024,Component,Minor,Visual Inspection,728.39
307,308,47,Cosmetic,1/8/2024,Component,Minor,Manual Testing,949.72
308,309,24,Structural,3/23/2024,Component,Moderate,Manual Testing,56.12
309,310,76,Structural,5/26/2024,Component,Moderate,Automated Testing,56.35
310,311,38,Structural,4/8/2024,Internal,Minor,Manual Testing,651.35
311,312,47,Cosmetic,2/23/2024,Component,Minor,Manual Testing,471.27
312,313,82,Cosmetic,5/29/2024,Surface,Moderate,Visual Inspection,732.6
313,314,36,Cosmetic,2/19/2024,Component,Minor,Automated Testing,865.3
314,315,40,Functional,1/15/2024,Internal,Minor,Automated Testing,49.2
315,316,28,Cosmetic,6/9/2024,Surface,Critical,Manual Testing,567.72
316,317,31,Cosmetic,1/9/2024,Surface,Moderate,Visual Inspection,490.53
317,318,34,Functional,3/3/2024,Component,Minor,Manual Testing,11.38
318,319,56,Functional,2/23/2024,Component,Moderate,Visual Inspection,409.72
319,320,45,Functional,1/5/2024,Component,Minor,Visual Inspection,515.07
320,321,32,Structural,6/6/2024,Component,Moderate,Visual Inspection,42.44
321,322,54,Functional,5/30/2024,Internal,Critical,Automated Testing,883.58
322,323,44,Structural,6/8/2024,Internal,Minor,Automated Testing,624.98
323,324,97,Functional,4/6/2024,Component,Minor,Manual Testing,195.74
324,325,15,Functional,4/15/2024,Internal,Moderate,Manual Testing,241.22
325,326,97,Cosmetic,4/29/2024,Component,Minor,Manual Testing,441.18
326,327,17,Structural,4/1/2024,Component,Critical,Manual Testing,274.09
327,328,91,Functional,6/8/2024,Surface,Moderate,Visual Inspection,268.52
328,329,92,Structural,1/2/2024,Component,Critical,Automated Testing,170.44
329,330,72,Functional,3/1/2024,Component,Moderate,Automated Testing,386.43
330,331,74,Functional,3/1/2024,Surface,Minor,Manual Testing,970.98
331,332,7,Functional,5/16/2024,Component,Minor,Automated Testing,751.73
332,333,24,Functional,4/22/2024,Component,Minor,Automated Testing,285.85
333,334,10,Structural,3/15/2024,Internal,Critical,Manual Testing,478.75
334,335,26,Cosmetic,2/29/2024,Surface,Minor,Automated Testing,884.79
335,336,92,Cosmetic,4/13/2024,Surface,Moderate,Automated Testing,44.73
336,337,68,Cosmetic,5/24/2024,Component,Minor,Automated Testing,952.79
337,338,31,Cosmetic,1/3/2024,Component,Moderate,Manual Testing,959.59
338,339,41,Structural,2/15/2024,Component,Moderate,Visual Inspection,312.25
339,340,95,Cosmetic,6/23/2024,Component,Minor,Visual Inspection,658.47
340,341,17,Functional,5/3/2024,Surface,Minor,Manual Testing,243.25
341,342,4,Cosmetic,5/24/2024,Internal,Moderate,Automated Testing,199.65
342,343,96,Functional,1/30/2024,Component,Minor,Visual Inspection,471.43
343,344,81,Functional,2/6/2024,Component,Moderate,Visual Inspection,756.85
344,345,61,Structural,5/31/2024,Internal,Critical,Visual Inspection,369.06
345,346,97,Cosmetic,6/14/2024,Surface,Minor,Manual Testing,326.19
346,347,90,Functional,5/19/2024,Component,Minor,Visual Inspection,22.07
347,348,29,Cosmetic,4/18/2024,Component,Critical,Visual Inspection,825.33
348,349,45,Cosmetic,1/20/2024,Surface,Minor,Automated Testing,697.77
349,350,33,Structural,5/18/2024,Component,Moderate,Visual Inspection,417.1
350,351,44,Cosmetic,6/7/2024,Surface,Minor,Visual Inspection,74.81
351,352,30,Functional,2/24/2024,Surface,Minor,Visual Inspection,104.54
352,353,29,Functional,6/14/2024,Component,Critical,Manual Testing,480.07
353,354,26,Structural,3/13/2024,Surface,Minor,Manual Testing,842.37
354,355,18,Cosmetic,3/12/2024,Internal,Critical,Manual Testing,422.03
355,356,9,Functional,2/3/2024,Internal,Critical,Visual Inspection,161.41
356,357,50,Cosmetic,2/8/2024,Component,Critical,Visual Inspection,361.26
357,358,71,Cosmetic,5/17/2024,Surface,Critical,Automated Testing,999.25
358,359,27,Functional,2/17/2024,Internal,Critical,Automated Testing,495.53
359,360,82,Functional,6/2/2024,Internal,Moderate,Visual Inspection,40.89
360,361,19,Functional,6/7/2024,Component,Moderate,Manual Testing,444.31
361,362,45,Structural,6/20/2024,Surface,Minor,Manual Testing,739.69
362,363,12,Structural,6/20/2024,Internal,Minor,Visual Inspection,577.64
363,364,54,Functional,3/21/2024,Component,Minor,Visual Inspection,230.65
364,365,40,Structural,4/10/2024,Component,Minor,Manual Testing,692.1
365,366,95,Functional,4/4/2024,Internal,Critical,Visual Inspection,378.29
366,367,21,Functional,1/23/2024,Internal,Moderate,Visual Inspection,584.9
367,368,35,Functional,3/1/2024,Internal,Moderate,Visual Inspection,39.01
368,369,47,Functional,1/26/2024,Internal,Critical,Visual Inspection,899.07
369,370,93,Structural,1/27/2024,Internal,Minor,Visual Inspection,96.04
370,371,74,Structural,1/2/2024,Internal,Moderate,Visual Inspection,269.99
371,372,76,Cosmetic,5/14/2024,Surface,Minor,Visual Inspection,996.49
372,373,92,Functional,1/11/2024,Surface,Moderate,Manual Testing,573.22
373,374,5,Structural,6/13/2024,Internal,Moderate,Visual Inspection,694.03
374,375,48,Functional,5/10/2024,Internal,Minor,Visual Inspection,963.03
375,376,54,Functional,1/10/2024,Component,Moderate,Manual Testing,118.46
376,377,97,Structural,1/16/2024,Component,Moderate,Automated Testing,773.47
377,378,41,Structural,6/12/2024,Surface,Minor,Visual Inspection,180.86
378,379,34,Cosmetic,4/5/2024,Surface,Minor,Manual Testing,18.61
379,380,25,Cosmetic,4/10/2024,Component,Critical,Manual Testing,176.96
380,381,27,Cosmetic,1/7/2024,Surface,Moderate,Visual Inspection,32.44
381,382,74,Cosmetic,2/12/2024,Component,Minor,Manual Testing,351.27
382,383,51,Functional,1/5/2024,Component,Critical,Visual Inspection,303.16
383,384,98,Cosmetic,5/5/2024,Internal,Critical,Automated Testing,404.15
384,385,83,Structural,1/10/2024,Internal,Moderate,Automated Testing,800.76
385,386,60,Structural,1/29/2024,Surface,Moderate,Visual Inspection,321.45
386,387,84,Functional,2/14/2024,Surface,Critical,Manual Testing,510.38
387,388,32,Structural,2/17/2024,Internal,Minor,Automated Testing,883.92
388,389,49,Structural,4/16/2024,Internal,Minor,Automated Testing,918.87
389,390,1,Structural,5/19/2024,Surface,Critical,Automated Testing,564.46
390,391,7,Functional,6/3/2024,Internal,Minor,Visual Inspection,889.4
391,392,81,Functional,2/25/2024,Component,Critical,Automated Testing,197.87
392,393,24,Cosmetic,6/9/2024,Surface,Critical,Visual Inspection,786.6
393,394,37,Functional,5/4/2024,Internal,Moderate,Manual Testing,740.36
394,395,81,Functional,3/5/2024,Surface,Critical,Automated Testing,667.24
395,396,84,Cosmetic,1/9/2024,Surface,Critical,Visual Inspection,77.72
396,397,79,Functional,4/16/2024,Surface,Moderate,Visual Inspection,106.59
397,398,3,Structural,2/20/2024,Surface,Minor,Manual Testing,529.16
398,399,50,Functional,4/7/2024,Surface,Critical,Manual Testing,94.34
399,400,44,Cosmetic,4/12/2024,Component,Moderate,Manual Testing,97.53
400,401,34,Functional,4/19/2024,Internal,Critical,Automated Testing,500.88
401,402,41,Functional,2/23/2024,Internal,Minor,Manual Testing,477.42
402,403,6,Cosmetic,5/9/2024,Surface,Minor,Manual Testing,810.57
403,404,47,Structural,5/1/2024,Surface,Minor,Automated Testing,945.16
404,405,4,Functional,3/24/2024,Internal,Minor,Visual Inspection,325.31
405,406,39,Functional,4/11/2024,Component,Moderate,Visual Inspection,810.44
406,407,10,Functional,5/30/2024,Internal,Critical,Visual Inspection,623.76
407,408,45,Structural,6/24/2024,Internal,Minor,Visual Inspection,375.28
408,409,46,Functional,3/5/2024,Surface,Minor,Automated Testing,474.48
409,410,5,Cosmetic,3/13/2024,Surface,Moderate,Visual Inspection,636.39
410,411,86,Functional,2/28/2024,Component,Minor,Visual Inspection,957.36
411,412,97,Functional,2/2/2024,Internal,Minor,Automated Testing,66.98
412,413,20,Structural,4/5/2024,Internal,Minor,Visual Inspection,608.64
413,414,36,Structural,2/4/2024,Component,Moderate,Automated Testing,75.93
414,415,7,Structural,6/12/2024,Component,Critical,Automated Testing,477.58
415,416,53,Cosmetic,5/17/2024,Component,Moderate,Automated Testing,252.11
416,417,37,Cosmetic,4/16/2024,Component,Critical,Visual Inspection,987.71
417,418,81,Functional,3/23/2024,Internal,Moderate,Manual Testing,464.04
418,419,61,Functional,2/13/2024,Component,Minor,Visual Inspection,694.29
419,420,56,Structural,4/20/2024,Surface,Critical,Automated Testing,829.49
420,421,79,Functional,1/9/2024,Internal,Minor,Visual Inspection,466.04
421,422,12,Functional,4/11/2024,Internal,Moderate,Manual Testing,101.05
422,423,66,Cosmetic,1/4/2024,Internal,Critical,Automated Testing,748.29
423,424,27,Structural,3/27/2024,Component,Moderate,Visual Inspection,438.54
424,425,88,Functional,2/25/2024,Component,Moderate,Visual Inspection,834.57
425,426,62,Functional,5/23/2024,Internal,Critical,Manual Testing,655.02
426,427,10,Structural,3/22/2024,Surface,Critical,Manual Testing,342.61
427,428,61,Structural,3/26/2024,Internal,Critical,Visual Inspection,539.5
428,429,15,Functional,6/19/2024,Component,Moderate,Visual Inspection,487.41
429,430,72,Structural,6/27/2024,Surface,Minor,Automated Testing,212.86
430,431,77,Functional,5/13/2024,Surface,Critical,Visual Inspection,873.59
431,432,56,Cosmetic,2/25/2024,Surface,Moderate,Automated Testing,389.21
432,433,18,Cosmetic,5/3/2024,Component,Minor,Automated Testing,34.48
433,434,42,Functional,5/12/2024,Surface,Minor,Manual Testing,235.97
434,435,41,Structural,4/8/2024,Surface,Moderate,Visual Inspection,575.15
435,436,44,Structural,6/18/2024,Surface,Minor,Visual Inspection,182.54
436,437,82,Cosmetic,5/6/2024,Component,Minor,Automated Testing,752.8
437,438,39,Functional,1/12/2024,Component,Critical,Visual Inspection,214.33
438,439,63,Functional,3/13/2024,Surface,Moderate,Visual Inspection,716.26
439,440,78,Structural,3/3/2024,Surface,Critical,Visual Inspection,608.46
440,441,92,Structural,6/18/2024,Internal,Moderate,Automated Testing,255.47
441,442,92,Structural,2/6/2024,Component,Minor,Manual Testing,914.32
442,443,16,Cosmetic,6/25/2024,Internal,Critical,Automated Testing,519.15
443,444,63,Functional,2/8/2024,Internal,Moderate,Manual Testing,816.09
444,445,65,Functional,3/23/2024,Component,Minor,Manual Testing,481.11
445,446,60,Cosmetic,1/20/2024,Component,Moderate,Automated Testing,780.05
446,447,58,Structural,1/9/2024,Internal,Minor,Automated Testing,750.51
447,448,69,Functional,5/10/2024,Component,Moderate,Manual Testing,908.59
448,449,7,Functional,3/10/2024,Component,Moderate,Visual Inspection,705.47
449,450,80,Functional,4/23/2024,Internal,Minor,Automated Testing,406.28
450,451,55,Functional,1/2/2024,Internal,Critical,Manual Testing,295.41
451,452,6,Structural,3/4/2024,Internal,Critical,Visual Inspection,903.36
452,453,86,Structural,5/17/2024,Component,Moderate,Manual Testing,803.65
453,454,70,Functional,3/30/2024,Component,Moderate,Automated Testing,359.69
454,455,50,Structural,3/30/2024,Component,Moderate,Manual Testing,699.69
455,456,20,Structural,4/5/2024,Surface,Critical,Manual Testing,281.81
456,457,63,Structural,4/11/2024,Surface,Minor,Automated Testing,896.04
457,458,66,Functional,4/23/2024,Internal,Moderate,Visual Inspection,587.69
458,459,64,Functional,2/26/2024,Component,Moderate,Automated Testing,623.52
459,460,66,Structural,6/11/2024,Component,Minor,Visual Inspection,668.05
460,461,95,Functional,3/2/2024,Internal,Minor,Visual Inspection,571.02
461,462,56,Structural,2/18/2024,Internal,Minor,Manual Testing,918.39
462,463,75,Functional,3/15/2024,Surface,Minor,Automated Testing,669.62
463,464,81,Functional,1/27/2024,Component,Moderate,Visual Inspection,581.01
464,465,39,Structural,5/20/2024,Internal,Minor,Manual Testing,899.45
465,466,57,Cosmetic,1/5/2024,Surface,Critical,Visual Inspection,764.59
466,467,83,Cosmetic,2/28/2024,Internal,Moderate,Automated Testing,150.16
467,468,98,Functional,3/26/2024,Internal,Minor,Visual Inspection,791.72
468,469,90,Functional,4/28/2024,Surface,Moderate,Manual Testing,15.1
469,470,76,Structural,2/22/2024,Component,Minor,Visual Inspection,466.92
470,471,89,Cosmetic,3/24/2024,Internal,Minor,Manual Testing,833.02
471,472,43,Functional,3/24/2024,Internal,Critical,Visual Inspection,907.98
472,473,38,Structural,2/25/2024,Internal,Minor,Manual Testing,652.85
473,474,62,Cosmetic,2/4/2024,Component,Moderate,Automated Testing,618.88
474,475,97,Cosmetic,3/16/2024,Surface,Moderate,Manual Testing,140.36
475,476,86,Cosmetic,2/1/2024,Internal,Critical,Visual Inspection,683.68
476,477,38,Functional,2/23/2024,Component,Critical,Visual Inspection,613.47
477,478,58,Functional,1/18/2024,Surface,Moderate,Visual Inspection,895.11
478,479,32,Cosmetic,6/7/2024,Component,Critical,Visual Inspection,515.94
479,480,78,Functional,1/7/2024,Internal,Minor,Automated Testing,293.09
480,481,66,Cosmetic,6/2/2024,Surface,Critical,Automated Testing,689.42
481,482,68,Structural,6/16/2024,Surface,Critical,Visual Inspection,148.53
482,483,10,Structural,2/17/2024,Component,Moderate,Visual Inspection,933.3
483,484,77,Cosmetic,2/10/2024,Internal,Minor,Manual Testing,336.75
484,485,50,Structural,2/29/2024,Surface,Minor,Manual Testing,223.73
485,486,97,Cosmetic,3/29/2024,Internal,Critical,Automated Testing,236.47
486,487,26,Cosmetic,3/13/2024,Internal,Critical,Manual Testing,647.11
487,488,51,Cosmetic,4/4/2024,Surface,Minor,Automated Testing,268.57
488,489,57,Cosmetic,5/10/2024,Internal,Minor,Visual Inspection,405.89
489,490,12,Functional,3/11/2024,Internal,Minor,Manual Testing,643.98
490,491,90,Functional,2/19/2024,Internal,Critical,Manual Testing,183.11
491,492,79,Functional,4/21/2024,Component,Moderate,Visual Inspection,878.64
492,493,58,Functional,6/9/2024,Component,Critical,Manual Testing,702.09
493,494,31,Structural,3/1/2024,Internal,Critical,Visual Inspection,823.59
494,495,49,Structural,1/28/2024,Surface,Moderate,Automated Testing,294.56
495,496,6,Functional,1/16/2024,Internal,Critical,Visual Inspection,533.14
496,497,49,Functional,3/28/2024,Component,Critical,Visual Inspection,975.5
497,498,87,Cosmetic,6/17/2024,Internal,Moderate,Visual Inspection,707.21
498,499,60,Cosmetic,4/1/2024,Surface,Moderate,Visual Inspection,775.91
499,500,100,Functional,4/19/2024,Surface,Moderate,Manual Testing,617.36
500,501,46,Structural,1/13/2024,Surface,Minor,Visual Inspection,922.52
501,502,62,Structural,4/26/2024,Surface,Minor,Automated Testing,81.91
502,503,91,Cosmetic,6/13/2024,Surface,Critical,Manual Testing,40.19
503,504,74,Cosmetic,5/26/2024,Internal,Moderate,Manual Testing,943.79
504,505,92,Structural,4/11/2024,Surface,Minor,Visual Inspection,411.9
505,506,66,Structural,5/5/2024,Internal,Critical,Visual Inspection,759.53
506,507,81,Cosmetic,1/15/2024,Component,Critical,Manual Testing,368.11
507,508,41,Functional,4/4/2024,Surface,Moderate,Visual Inspection,27.9
508,509,91,Structural,4/21/2024,Internal,Critical,Automated Testing,670.09
509,510,35,Functional,5/24/2024,Internal,Critical,Automated Testing,790.76
510,511,12,Cosmetic,6/20/2024,Internal,Moderate,Manual Testing,769.88
511,512,77,Cosmetic,5/6/2024,Internal,Critical,Automated Testing,262.6
512,513,11,Cosmetic,3/23/2024,Surface,Moderate,Visual Inspection,520.44
513,514,93,Structural,5/19/2024,Component,Minor,Visual Inspection,624.75
514,515,3,Structural,3/22/2024,Internal,Moderate,Manual Testing,496.27
515,516,43,Functional,6/20/2024,Component,Moderate,Automated Testing,368.54
516,517,88,Cosmetic,6/12/2024,Internal,Moderate,Manual Testing,942.94
517,518,4,Cosmetic,3/28/2024,Internal,Critical,Automated Testing,449.63
518,519,96,Functional,6/18/2024,Internal,Critical,Manual Testing,117.82
519,520,75,Functional,5/12/2024,Internal,Critical,Visual Inspection,300.05
520,521,86,Structural,1/7/2024,Surface,Critical,Visual Inspection,975.1
521,522,70,Structural,1/13/2024,Surface,Critical,Manual Testing,74.36
522,523,6,Functional,1/8/2024,Component,Moderate,Automated Testing,924.05
523,524,14,Cosmetic,2/10/2024,Surface,Minor,Visual Inspection,132.39
524,525,77,Functional,2/24/2024,Surface,Critical,Manual Testing,893.77
525,526,65,Structural,2/10/2024,Surface,Minor,Manual Testing,142.64
526,527,70,Structural,4/19/2024,Component,Minor,Manual Testing,368.94
527,528,8,Functional,6/10/2024,Internal,Minor,Automated Testing,997.03
528,529,54,Structural,1/2/2024,Surface,Minor,Manual Testing,496.1
529,530,98,Functional,2/2/2024,Surface,Critical,Automated Testing,798.12
530,531,82,Cosmetic,2/8/2024,Internal,Critical,Visual Inspection,572.74
531,532,6,Structural,2/10/2024,Surface,Critical,Manual Testing,53.77
532,533,49,Cosmetic,4/3/2024,Surface,Minor,Visual Inspection,369.83
533,534,14,Cosmetic,4/11/2024,Surface,Minor,Visual Inspection,398.17
534,535,88,Structural,3/21/2024,Internal,Critical,Automated Testing,825.57
535,536,8,Functional,5/13/2024,Internal,Critical,Automated Testing,201.88
536,537,91,Cosmetic,6/13/2024,Component,Critical,Visual Inspection,47.47
537,538,1,Structural,5/11/2024,Component,Moderate,Automated Testing,856.33
538,539,15,Cosmetic,5/12/2024,Internal,Moderate,Manual Testing,497.65
539,540,20,Cosmetic,2/14/2024,Internal,Minor,Manual Testing,908.53
540,541,16,Cosmetic,4/29/2024,Component,Critical,Manual Testing,371.88
541,542,49,Functional,6/25/2024,Surface,Moderate,Manual Testing,960.15
542,543,76,Structural,3/18/2024,Component,Minor,Visual Inspection,73.55
543,544,56,Cosmetic,1/12/2024,Component,Minor,Automated Testing,615.43
544,545,21,Structural,6/17/2024,Component,Minor,Visual Inspection,619.02
545,546,17,Functional,1/15/2024,Component,Minor,Manual Testing,677.64
546,547,10,Cosmetic,2/25/2024,Surface,Moderate,Visual Inspection,684.16
547,548,90,Functional,3/26/2024,Internal,Critical,Automated Testing,536.37
548,549,8,Cosmetic,1/22/2024,Surface,Minor,Visual Inspection,47.22
549,550,27,Structural,5/26/2024,Surface,Minor,Automated Testing,704.44
550,551,87,Functional,4/15/2024,Surface,Minor,Automated Testing,512.02
551,552,93,Structural,6/4/2024,Component,Minor,Automated Testing,36.04
552,553,12,Functional,1/10/2024,Surface,Critical,Manual Testing,811.65
553,554,30,Functional,1/28/2024,Internal,Critical,Automated Testing,900.37
554,555,4,Functional,3/6/2024,Component,Minor,Automated Testing,644.51
555,556,71,Functional,2/11/2024,Surface,Minor,Visual Inspection,355.85
556,557,97,Functional,3/3/2024,Internal,Minor,Manual Testing,945.18
557,558,12,Structural,4/13/2024,Internal,Minor,Visual Inspection,201.79
558,559,17,Cosmetic,2/26/2024,Internal,Minor,Manual Testing,73.0
559,560,94,Cosmetic,1/9/2024,Surface,Moderate,Manual Testing,769.57
560,561,45,Functional,3/27/2024,Surface,Moderate,Automated Testing,930.11
561,562,72,Cosmetic,1/15/2024,Internal,Moderate,Manual Testing,554.98
562,563,56,Functional,2/13/2024,Component,Minor,Automated Testing,826.59
563,564,93,Functional,2/18/2024,Surface,Critical,Manual Testing,362.82
564,565,58,Structural,1/15/2024,Surface,Minor,Manual Testing,946.8
565,566,96,Cosmetic,2/17/2024,Internal,Minor,Automated Testing,192.28
566,567,38,Functional,4/4/2024,Internal,Critical,Automated Testing,383.41
567,568,62,Structural,3/19/2024,Surface,Minor,Automated Testing,132.83
568,569,97,Functional,5/14/2024,Component,Critical,Automated Testing,904.32
569,570,12,Cosmetic,3/22/2024,Internal,Critical,Visual Inspection,944.63
570,571,47,Functional,4/19/2024,Surface,Critical,Manual Testing,524.5
571,572,73,Structural,2/17/2024,Internal,Critical,Visual Inspection,976.75
572,573,46,Cosmetic,2/27/2024,Internal,Critical,Visual Inspection,508.94
573,574,5,Functional,1/21/2024,Component,Critical,Visual Inspection,565.86
574,575,72,Functional,3/7/2024,Component,Minor,Visual Inspection,151.62
575,576,99,Structural,4/10/2024,Surface,Critical,Automated Testing,394.88
576,577,1,Functional,4/21/2024,Surface,Critical,Visual Inspection,404.22
577,578,26,Structural,6/9/2024,Component,Minor,Visual Inspection,564.82
578,579,100,Structural,4/12/2024,Internal,Minor,Manual Testing,722.21
579,580,15,Structural,3/4/2024,Internal,Moderate,Visual Inspection,16.05
580,581,9,Functional,6/20/2024,Internal,Moderate,Manual Testing,666.31
581,582,80,Cosmetic,6/8/2024,Component,Moderate,Automated Testing,346.73
582,583,86,Structural,6/29/2024,Internal,Moderate,Automated Testing,138.42
583,584,42,Structural,6/29/2024,Component,Minor,Visual Inspection,663.53
584,585,19,Structural,6/1/2024,Surface,Critical,Automated Testing,150.78
585,586,97,Cosmetic,3/11/2024,Surface,Critical,Automated Testing,503.25
586,587,68,Structural,2/3/2024,Surface,Moderate,Manual Testing,576.57
587,588,40,Structural,2/26/2024,Surface,Moderate,Visual Inspection,204.6
588,589,8,Structural,3/3/2024,Internal,Moderate,Visual Inspection,410.72
589,590,90,Structural,2/17/2024,Component,Minor,Manual Testing,50.38
590,591,90,Functional,2/9/2024,Surface,Moderate,Manual Testing,400.31
591,592,7,Structural,6/1/2024,Internal,Minor,Automated Testing,301.7
592,593,73,Functional,6/23/2024,Surface,Moderate,Visual Inspection,64.74
593,594,96,Cosmetic,1/14/2024,Surface,Moderate,Automated Testing,485.27
594,595,60,Cosmetic,6/21/2024,Surface,Moderate,Automated Testing,194.44
595,596,74,Structural,6/16/2024,Internal,Moderate,Automated Testing,891.01
596,597,26,Cosmetic,4/19/2024,Internal,Critical,Automated Testing,267.51
597,598,50,Functional,6/8/2024,Component,Critical,Automated Testing,151.43
598,599,36,Functional,4/20/2024,Internal,Critical,Manual Testing,297.76
599,600,46,Cosmetic,4/21/2024,Component,Critical,Manual Testing,663.35
600,601,46,Structural,4/24/2024,Internal,Moderate,Visual Inspection,927.75
601,602,74,Cosmetic,2/10/2024,Surface,Moderate,Visual Inspection,283.6
602,603,45,Structural,3/21/2024,Surface,Moderate,Manual Testing,919.65
603,604,100,Functional,3/25/2024,Surface,Critical,Visual Inspection,302.29
604,605,63,Functional,5/27/2024,Surface,Moderate,Automated Testing,309.53
605,606,63,Structural,4/13/2024,Surface,Minor,Manual Testing,478.6
606,607,75,Cosmetic,5/30/2024,Component,Minor,Visual Inspection,419.58
607,608,5,Cosmetic,3/25/2024,Surface,Minor,Automated Testing,685.3
608,609,5,Structural,5/6/2024,Internal,Critical,Visual Inspection,390.64
609,610,81,Cosmetic,5/12/2024,Internal,Minor,Manual Testing,837.9
610,611,80,Functional,1/20/2024,Internal,Minor,Manual Testing,67.82
611,612,56,Structural,4/13/2024,Internal,Minor,Manual Testing,21.12
612,613,68,Structural,1/8/2024,Surface,Moderate,Visual Inspection,700.72
613,614,67,Cosmetic,1/18/2024,Surface,Critical,Manual Testing,893.3
614,615,53,Cosmetic,3/2/2024,Surface,Moderate,Automated Testing,736.75
615,616,81,Functional,3/9/2024,Internal,Critical,Manual Testing,803.54
616,617,47,Functional,3/23/2024,Internal,Moderate,Automated Testing,21.17
617,618,92,Functional,2/29/2024,Component,Minor,Manual Testing,678.59
618,619,87,Functional,2/18/2024,Component,Moderate,Automated Testing,220.01
619,620,51,Cosmetic,2/3/2024,Internal,Critical,Manual Testing,251.67
620,621,61,Structural,4/10/2024,Surface,Critical,Manual Testing,808.85
621,622,87,Structural,1/6/2024,Internal,Minor,Manual Testing,537.35
622,623,8,Cosmetic,4/6/2024,Component,Moderate,Manual Testing,178.3
623,624,56,Cosmetic,1/9/2024,Internal,Critical,Visual Inspection,638.8
624,625,98,Functional,6/24/2024,Internal,Critical,Automated Testing,770.66
625,626,7,Structural,4/19/2024,Component,Minor,Visual Inspection,289.27
626,627,24,Structural,5/15/2024,Component,Minor,Automated Testing,779.02
627,628,23,Structural,1/4/2024,Surface,Moderate,Automated Testing,704.06
628,629,43,Functional,4/16/2024,Internal,Critical,Visual Inspection,546.42
629,630,95,Functional,6/23/2024,Component,Moderate,Visual Inspection,780.89
630,631,13,Cosmetic,5/3/2024,Surface,Minor,Manual Testing,303.08
631,632,72,Structural,5/4/2024,Internal,Minor,Automated Testing,557.57
632,633,28,Functional,1/28/2024,Component,Minor,Manual Testing,222.11
633,634,94,Functional,5/23/2024,Internal,Minor,Visual Inspection,575.47
634,635,60,Structural,6/14/2024,Component,Minor,Automated Testing,478.44
635,636,17,Functional,2/5/2024,Surface,Moderate,Visual Inspection,32.62
636,637,21,Functional,5/29/2024,Component,Critical,Automated Testing,121.29
637,638,89,Cosmetic,4/7/2024,Component,Moderate,Automated Testing,967.29
638,639,43,Cosmetic,1/17/2024,Surface,Moderate,Visual Inspection,200.29
639,640,5,Cosmetic,6/21/2024,Internal,Minor,Automated Testing,185.0
640,641,7,Functional,1/30/2024,Internal,Moderate,Manual Testing,959.61
641,642,28,Structural,1/26/2024,Component,Critical,Visual Inspection,170.66
642,643,27,Cosmetic,6/17/2024,Component,Minor,Visual Inspection,563.94
643,644,58,Cosmetic,6/8/2024,Internal,Minor,Automated Testing,52.03
644,645,33,Functional,6/7/2024,Component,Critical,Automated Testing,474.62
645,646,20,Structural,1/14/2024,Surface,Moderate,Visual Inspection,263.76
646,647,11,Cosmetic,5/3/2024,Component,Moderate,Automated Testing,758.91
647,648,31,Cosmetic,1/9/2024,Component,Critical,Visual Inspection,59.04
648,649,76,Cosmetic,1/11/2024,Internal,Moderate,Visual Inspection,647.01
649,650,32,Cosmetic,5/21/2024,Internal,Moderate,Manual Testing,451.58
650,651,34,Structural,2/9/2024,Internal,Minor,Manual Testing,221.25
651,652,66,Cosmetic,4/19/2024,Component,Critical,Manual Testing,194.9
652,653,62,Functional,2/29/2024,Surface,Minor,Automated Testing,433.75
653,654,86,Cosmetic,6/19/2024,Surface,Critical,Automated Testing,264.85
654,655,91,Cosmetic,3/16/2024,Surface,Moderate,Automated Testing,230.68
655,656,63,Cosmetic,6/21/2024,Surface,Minor,Visual Inspection,836.11
656,657,73,Structural,3/27/2024,Surface,Critical,Manual Testing,703.94
657,658,94,Structural,6/9/2024,Surface,Moderate,Visual Inspection,814.84
658,659,88,Structural,1/19/2024,Component,Minor,Visual Inspection,153.25
659,660,12,Functional,3/28/2024,Internal,Minor,Visual Inspection,324.09
660,661,48,Structural,2/6/2024,Component,Moderate,Visual Inspection,436.9
661,662,35,Cosmetic,6/17/2024,Surface,Minor,Manual Testing,917.26
662,663,25,Cosmetic,1/13/2024,Component,Critical,Automated Testing,45.26
663,664,47,Functional,1/26/2024,Surface,Critical,Visual Inspection,416.2
664,665,55,Functional,5/16/2024,Component,Minor,Manual Testing,246.83
665,666,45,Structural,1/3/2024,Component,Critical,Visual Inspection,824.28
666,667,12,Cosmetic,6/2/2024,Surface,Minor,Visual Inspection,680.74
667,668,33,Structural,2/26/2024,Surface,Critical,Automated Testing,376.62
668,669,3,Functional,1/10/2024,Surface,Moderate,Manual Testing,400.79
669,670,15,Structural,2/19/2024,Component,Critical,Visual Inspection,496.72
670,671,45,Structural,4/21/2024,Component,Moderate,Manual Testing,369.13
671,672,16,Functional,5/19/2024,Internal,Moderate,Automated Testing,916.45
672,673,63,Functional,5/1/2024,Internal,Minor,Visual Inspection,152.08
673,674,63,Structural,1/6/2024,Surface,Moderate,Visual Inspection,373.52
674,675,96,Cosmetic,5/12/2024,Surface,Critical,Visual Inspection,345.64
675,676,4,Cosmetic,4/6/2024,Internal,Critical,Visual Inspection,33.95
676,677,2,Structural,1/4/2024,Component,Critical,Visual Inspection,478.44
677,678,19,Functional,3/20/2024,Component,Critical,Manual Testing,884.03
678,679,61,Structural,1/23/2024,Internal,Critical,Visual Inspection,113.64
679,680,5,Structural,1/19/2024,Component,Moderate,Visual Inspection,479.38
680,681,8,Structural,1/16/2024,Internal,Critical,Visual Inspection,395.56
681,682,6,Structural,1/13/2024,Component,Moderate,Manual Testing,290.66
682,683,18,Cosmetic,2/25/2024,Component,Minor,Visual Inspection,309.32
683,684,33,Structural,3/16/2024,Component,Moderate,Manual Testing,28.05
684,685,40,Structural,6/24/2024,Surface,Critical,Visual Inspection,37.69
685,686,35,Cosmetic,1/23/2024,Internal,Critical,Automated Testing,293.44
686,687,99,Functional,3/16/2024,Component,Minor,Visual Inspection,249.02
687,688,65,Structural,2/18/2024,Surface,Minor,Manual Testing,327.88
688,689,56,Cosmetic,3/9/2024,Surface,Critical,Manual Testing,749.31
689,690,96,Cosmetic,5/26/2024,Component,Minor,Automated Testing,19.23
690,691,4,Functional,5/31/2024,Internal,Critical,Manual Testing,470.43
691,692,67,Cosmetic,2/18/2024,Component,Critical,Automated Testing,135.49
692,693,95,Structural,6/26/2024,Component,Minor,Manual Testing,531.4
693,694,18,Cosmetic,2/16/2024,Surface,Critical,Manual Testing,205.83
694,695,97,Cosmetic,4/20/2024,Component,Moderate,Visual Inspection,547.02
695,696,84,Functional,1/6/2024,Component,Moderate,Visual Inspection,459.29
696,697,51,Cosmetic,4/2/2024,Surface,Critical,Manual Testing,762.32
697,698,34,Cosmetic,3/29/2024,Component,Moderate,Visual Inspection,684.85
698,699,1,Cosmetic,4/4/2024,Component,Critical,Automated Testing,940.9
699,700,41,Cosmetic,2/13/2024,Surface,Minor,Manual Testing,894.66
700,701,67,Functional,3/30/2024,Component,Minor,Manual Testing,10.44
701,702,43,Cosmetic,4/20/2024,Component,Minor,Visual Inspection,878.23
702,703,34,Structural,1/31/2024,Internal,Minor,Automated Testing,164.64
703,704,7,Structural,2/2/2024,Internal,Critical,Visual Inspection,132.46
704,705,54,Functional,2/3/2024,Internal,Moderate,Automated Testing,789.51
705,706,37,Functional,5/24/2024,Component,Moderate,Visual Inspection,969.4
706,707,86,Functional,3/14/2024,Surface,Critical,Automated Testing,667.18
707,708,22,Functional,4/9/2024,Component,Minor,Manual Testing,781.35
708,709,79,Functional,3/10/2024,Component,Minor,Automated Testing,711.6
709,710,4,Cosmetic,6/26/2024,Surface,Moderate,Visual Inspection,91.9
710,711,36,Cosmetic,5/28/2024,Internal,Minor,Manual Testing,767.74
711,712,74,Structural,3/30/2024,Surface,Minor,Visual Inspection,535.88
712,713,36,Structural,2/29/2024,Internal,Critical,Automated Testing,390.43
713,714,66,Cosmetic,6/4/2024,Component,Minor,Visual Inspection,932.34
714,715,27,Functional,4/21/2024,Surface,Moderate,Manual Testing,763.5
715,716,86,Structural,4/5/2024,Surface,Minor,Visual Inspection,438.58
716,717,84,Cosmetic,1/1/2024,Internal,Minor,Manual Testing,147.94
717,718,33,Cosmetic,3/11/2024,Internal,Minor,Automated Testing,967.35
718,719,18,Cosmetic,4/4/2024,Internal,Minor,Manual Testing,909.42
719,720,77,Functional,2/2/2024,Internal,Moderate,Manual Testing,617.24
720,721,44,Cosmetic,4/26/2024,Component,Moderate,Manual Testing,552.0
721,722,76,Structural,3/10/2024,Internal,Minor,Manual Testing,746.64
722,723,25,Structural,1/27/2024,Internal,Critical,Visual Inspection,133.43
723,724,58,Structural,2/21/2024,Surface,Moderate,Manual Testing,437.82
724,725,15,Cosmetic,3/27/2024,Surface,Minor,Visual Inspection,713.29
725,726,24,Cosmetic,2/25/2024,Surface,Critical,Automated Testing,321.04
726,727,92,Functional,1/12/2024,Surface,Minor,Automated Testing,988.41
727,728,5,Structural,1/10/2024,Component,Critical,Manual Testing,164.56
728,729,74,Structural,2/28/2024,Component,Moderate,Manual Testing,357.07
729,730,31,Structural,3/19/2024,Surface,Minor,Automated Testing,189.23
730,731,37,Cosmetic,5/30/2024,Component,Moderate,Manual Testing,840.24
731,732,44,Structural,2/21/2024,Internal,Minor,Automated Testing,630.5
732,733,28,Functional,2/6/2024,Surface,Moderate,Manual Testing,584.54
733,734,85,Functional,2/16/2024,Surface,Moderate,Automated Testing,995.47
734,735,60,Structural,2/12/2024,Surface,Critical,Manual Testing,894.31
735,736,63,Functional,1/21/2024,Component,Minor,Automated Testing,420.57
736,737,46,Structural,4/14/2024,Component,Moderate,Visual Inspection,71.86
737,738,81,Structural,5/4/2024,Internal,Minor,Manual Testing,895.96
738,739,98,Cosmetic,2/4/2024,Component,Moderate,Manual Testing,491.28
739,740,79,Functional,4/23/2024,Internal,Moderate,Manual Testing,63.99
740,741,91,Cosmetic,4/6/2024,Internal,Minor,Visual Inspection,409.99
741,742,51,Cosmetic,1/6/2024,Internal,Critical,Automated Testing,391.78
742,743,27,Cosmetic,1/24/2024,Internal,Minor,Manual Testing,921.78
743,744,30,Cosmetic,6/10/2024,Component,Minor,Manual Testing,789.34
744,745,97,Cosmetic,5/8/2024,Internal,Moderate,Visual Inspection,862.7
745,746,93,Structural,2/9/2024,Component,Minor,Manual Testing,395.02
746,747,52,Cosmetic,3/3/2024,Surface,Minor,Visual Inspection,507.39
747,748,41,Cosmetic,2/14/2024,Internal,Moderate,Manual Testing,990.02
748,749,64,Functional,6/17/2024,Component,Minor,Visual Inspection,466.97
749,750,9,Functional,3/23/2024,Surface,Moderate,Manual Testing,49.52
750,751,42,Functional,1/14/2024,Component,Minor,Manual Testing,543.93
751,752,81,Functional,5/12/2024,Surface,Moderate,Automated Testing,688.91
752,753,83,Cosmetic,1/8/2024,Surface,Critical,Visual Inspection,140.96
753,754,17,Structural,1/13/2024,Component,Minor,Manual Testing,624.69
754,755,90,Cosmetic,1/1/2024,Component,Critical,Manual Testing,317.5
755,756,77,Functional,6/12/2024,Component,Minor,Manual Testing,363.84
756,757,40,Functional,3/17/2024,Surface,Moderate,Manual Testing,472.15
757,758,12,Cosmetic,1/22/2024,Internal,Moderate,Automated Testing,765.19
758,759,40,Cosmetic,3/23/2024,Surface,Moderate,Manual Testing,551.79
759,760,31,Structural,6/22/2024,Surface,Critical,Manual Testing,950.2
760,761,67,Functional,1/5/2024,Component,Critical,Automated Testing,749.01
761,762,27,Cosmetic,2/15/2024,Internal,Critical,Manual Testing,917.24
762,763,44,Cosmetic,4/24/2024,Component,Minor,Automated Testing,527.76
763,764,40,Structural,4/26/2024,Internal,Minor,Visual Inspection,615.24
764,765,70,Structural,4/26/2024,Component,Minor,Visual Inspection,610.26
765,766,49,Cosmetic,4/6/2024,Component,Moderate,Visual Inspection,305.36
766,767,81,Structural,3/23/2024,Component,Minor,Automated Testing,753.7
767,768,48,Cosmetic,1/9/2024,Internal,Moderate,Visual Inspection,67.49
768,769,83,Structural,6/26/2024,Component,Minor,Visual Inspection,655.26
769,770,56,Structural,4/24/2024,Surface,Moderate,Visual Inspection,119.28
770,771,97,Structural,1/13/2024,Internal,Critical,Manual Testing,617.35
771,772,1,Cosmetic,6/11/2024,Surface,Critical,Manual Testing,514.52
772,773,57,Functional,3/30/2024,Component,Minor,Automated Testing,552.3
773,774,35,Structural,3/17/2024,Surface,Critical,Manual Testing,957.27
774,775,22,Cosmetic,5/16/2024,Surface,Minor,Visual Inspection,379.78
775,776,37,Structural,5/2/2024,Surface,Minor,Automated Testing,20.93
776,777,59,Functional,5/31/2024,Component,Moderate,Visual Inspection,698.16
777,778,31,Functional,1/16/2024,Component,Critical,Manual Testing,270.7
778,779,71,Structural,3/24/2024,Internal,Critical,Manual Testing,733.76
779,780,81,Functional,2/5/2024,Surface,Minor,Manual Testing,918.81
780,781,10,Cosmetic,5/30/2024,Component,Minor,Manual Testing,830.39
781,782,92,Functional,4/4/2024,Internal,Moderate,Visual Inspection,429.08
782,783,73,Cosmetic,4/9/2024,Internal,Moderate,Automated Testing,800.91
783,784,2,Functional,3/30/2024,Surface,Moderate,Automated Testing,36.5
784,785,63,Cosmetic,4/7/2024,Surface,Moderate,Visual Inspection,861.84
785,786,54,Cosmetic,6/24/2024,Surface,Minor,Automated Testing,947.21
786,787,36,Functional,1/23/2024,Surface,Minor,Manual Testing,37.44
787,788,41,Structural,1/25/2024,Component,Critical,Automated Testing,571.65
788,789,54,Structural,1/21/2024,Surface,Minor,Automated Testing,331.32
789,790,3,Structural,3/10/2024,Internal,Critical,Manual Testing,212.4
790,791,94,Functional,4/15/2024,Surface,Minor,Automated Testing,451.46
791,792,99,Functional,3/5/2024,Internal,Minor,Manual Testing,948.05
792,793,79,Functional,5/7/2024,Component,Moderate,Visual Inspection,111.39
793,794,81,Structural,3/21/2024,Internal,Critical,Automated Testing,281.41
794,795,83,Structural,3/8/2024,Internal,Minor,Automated Testing,866.14
795,796,83,Structural,5/8/2024,Component,Minor,Visual Inspection,545.23
796,797,62,Cosmetic,6/9/2024,Surface,Moderate,Visual Inspection,545.72
797,798,77,Functional,5/10/2024,Component,Critical,Visual Inspection,395.56
798,799,87,Structural,6/8/2024,Component,Moderate,Manual Testing,914.5
799,800,38,Cosmetic,5/30/2024,Internal,Minor,Automated Testing,339.94
800,801,77,Cosmetic,3/18/2024,Surface,Moderate,Visual Inspection,206.92
801,802,98,Functional,3/17/2024,Component,Moderate,Visual Inspection,336.29
802,803,93,Structural,1/8/2024,Internal,Critical,Visual Inspection,911.03
803,804,13,Structural,1/6/2024,Surface,Minor,Visual Inspection,720.18
804,805,23,Functional,4/17/2024,Surface,Moderate,Manual Testing,602.51
805,806,22,Functional,4/8/2024,Internal,Critical,Manual Testing,996.6
806,807,99,Cosmetic,1/28/2024,Surface,Minor,Automated Testing,373.64
807,808,99,Cosmetic,3/30/2024,Component,Minor,Visual Inspection,792.57
808,809,8,Structural,3/19/2024,Surface,Minor,Visual Inspection,956.44
809,810,77,Functional,6/30/2024,Component,Critical,Manual Testing,916.1
810,811,7,Functional,5/15/2024,Surface,Moderate,Visual Inspection,93.31
811,812,76,Structural,3/18/2024,Internal,Critical,Automated Testing,576.28
812,813,93,Functional,5/6/2024,Surface,Minor,Visual Inspection,89.52
813,814,79,Structural,1/6/2024,Component,Minor,Manual Testing,381.12
814,815,65,Structural,6/21/2024,Surface,Moderate,Visual Inspection,686.02
815,816,43,Functional,3/17/2024,Surface,Minor,Manual Testing,585.81
816,817,96,Structural,3/31/2024,Internal,Critical,Automated Testing,28.26
817,818,82,Functional,3/6/2024,Component,Critical,Visual Inspection,858.99
818,819,63,Cosmetic,2/28/2024,Surface,Critical,Automated Testing,373.68
819,820,61,Functional,2/19/2024,Component,Critical,Manual Testing,937.41
820,821,65,Cosmetic,2/11/2024,Surface,Moderate,Visual Inspection,960.72
821,822,41,Functional,2/25/2024,Component,Moderate,Manual Testing,988.9
822,823,88,Cosmetic,1/29/2024,Internal,Minor,Automated Testing,890.34
823,824,45,Structural,2/13/2024,Component,Minor,Automated Testing,838.89
824,825,26,Functional,1/26/2024,Component,Moderate,Automated Testing,90.18
825,826,8,Cosmetic,1/26/2024,Component,Minor,Manual Testing,693.38
826,827,96,Cosmetic,1/19/2024,Component,Minor,Manual Testing,904.55
827,828,25,Functional,5/12/2024,Surface,Critical,Manual Testing,446.66
828,829,90,Cosmetic,2/12/2024,Internal,Critical,Automated Testing,561.22
829,830,62,Cosmetic,4/12/2024,Surface,Moderate,Visual Inspection,227.29
830,831,57,Structural,4/24/2024,Internal,Critical,Manual Testing,129.15
831,832,37,Cosmetic,6/2/2024,Surface,Critical,Automated Testing,105.91
832,833,90,Cosmetic,2/15/2024,Component,Minor,Visual Inspection,833.94
833,834,4,Structural,4/9/2024,Internal,Moderate,Automated Testing,10.55
834,835,69,Functional,1/2/2024,Surface,Critical,Automated Testing,744.8
835,836,95,Structural,5/8/2024,Surface,Critical,Automated Testing,114.02
836,837,30,Functional,3/10/2024,Surface,Minor,Manual Testing,113.95
837,838,76,Structural,6/14/2024,Surface,Critical,Automated Testing,390.19
838,839,26,Cosmetic,5/11/2024,Surface,Critical,Automated Testing,418.17
839,840,95,Structural,2/16/2024,Surface,Moderate,Automated Testing,536.08
840,841,49,Structural,1/25/2024,Component,Minor,Manual Testing,857.55
841,842,32,Functional,1/13/2024,Surface,Minor,Automated Testing,800.23
842,843,97,Functional,4/30/2024,Surface,Moderate,Visual Inspection,526.93
843,844,83,Structural,2/18/2024,Component,Critical,Automated Testing,97.57
844,845,50,Cosmetic,2/27/2024,Component,Moderate,Automated Testing,438.29
845,846,48,Structural,6/25/2024,Internal,Minor,Manual Testing,937.74
846,847,33,Functional,6/22/2024,Component,Moderate,Visual Inspection,261.19
847,848,28,Functional,5/1/2024,Component,Critical,Visual Inspection,155.84
848,849,100,Cosmetic,6/1/2024,Component,Critical,Visual Inspection,761.38
849,850,10,Structural,6/24/2024,Component,Moderate,Automated Testing,693.41
850,851,95,Functional,3/20/2024,Component,Moderate,Automated Testing,319.06
851,852,7,Functional,3/2/2024,Internal,Moderate,Visual Inspection,451.5
852,853,12,Structural,5/5/2024,Surface,Moderate,Automated Testing,497.38
853,854,14,Functional,6/30/2024,Surface,Minor,Visual Inspection,556.73
854,855,31,Cosmetic,2/7/2024,Component,Critical,Visual Inspection,414.41
855,856,20,Structural,2/1/2024,Surface,Critical,Manual Testing,450.18
856,857,49,Functional,4/10/2024,Component,Moderate,Automated Testing,992.76
857,858,51,Structural,5/12/2024,Surface,Minor,Visual Inspection,797.39
858,859,25,Cosmetic,3/25/2024,Internal,Minor,Manual Testing,651.04
859,860,10,Structural,6/24/2024,Component,Moderate,Visual Inspection,862.64
860,861,51,Structural,1/11/2024,Surface,Critical,Automated Testing,915.73
861,862,63,Structural,2/16/2024,Component,Critical,Visual Inspection,445.47
862,863,46,Functional,3/16/2024,Surface,Critical,Automated Testing,789.92
863,864,95,Cosmetic,1/3/2024,Component,Critical,Manual Testing,951.99
864,865,97,Structural,6/14/2024,Surface,Critical,Visual Inspection,345.34
865,866,99,Cosmetic,2/22/2024,Surface,Minor,Visual Inspection,119.16
866,867,9,Cosmetic,3/16/2024,Surface,Minor,Automated Testing,649.87
867,868,38,Cosmetic,5/10/2024,Surface,Critical,Manual Testing,141.43
868,869,55,Functional,6/8/2024,Surface,Critical,Manual Testing,753.6
869,870,39,Structural,5/4/2024,Internal,Critical,Visual Inspection,210.03
870,871,59,Structural,6/13/2024,Surface,Critical,Manual Testing,992.01
871,872,1,Functional,5/20/2024,Internal,Minor,Automated Testing,148.15
872,873,5,Functional,1/5/2024,Surface,Critical,Visual Inspection,577.39
873,874,1,Cosmetic,4/19/2024,Surface,Critical,Visual Inspection,98.45
874,875,81,Structural,4/18/2024,Component,Moderate,Manual Testing,734.65
875,876,31,Cosmetic,3/31/2024,Surface,Critical,Manual Testing,485.93
876,877,67,Structural,2/4/2024,Component,Minor,Automated Testing,505.47
877,878,13,Functional,5/20/2024,Internal,Critical,Automated Testing,769.34
878,879,37,Structural,3/11/2024,Internal,Moderate,Manual Testing,939.94
879,880,91,Cosmetic,4/19/2024,Surface,Minor,Visual Inspection,18.7
880,881,26,Functional,1/21/2024,Internal,Minor,Automated Testing,892.85
881,882,39,Functional,5/21/2024,Component,Moderate,Automated Testing,85.21
882,883,35,Functional,6/6/2024,Component,Minor,Visual Inspection,20.83
883,884,4,Cosmetic,4/1/2024,Internal,Minor,Manual Testing,800.02
884,885,28,Cosmetic,6/7/2024,Surface,Critical,Visual Inspection,525.36
885,886,4,Structural,4/29/2024,Surface,Minor,Visual Inspection,164.46
886,887,95,Structural,5/29/2024,Component,Moderate,Manual Testing,452.93
887,888,17,Cosmetic,4/16/2024,Component,Critical,Automated Testing,729.83
888,889,52,Functional,5/5/2024,Component,Moderate,Automated Testing,138.24
889,890,49,Structural,6/5/2024,Internal,Minor,Automated Testing,901.01
890,891,90,Functional,6/17/2024,Internal,Minor,Manual Testing,780.69
891,892,4,Structural,5/12/2024,Internal,Critical,Automated Testing,280.56
892,893,64,Structural,4/7/2024,Surface,Minor,Manual Testing,437.25
893,894,73,Structural,5/19/2024,Surface,Minor,Manual Testing,902.78
894,895,64,Structural,1/9/2024,Internal,Minor,Visual Inspection,687.38
895,896,64,Structural,3/29/2024,Internal,Minor,Manual Testing,436.79
896,897,56,Functional,5/15/2024,Internal,Minor,Manual Testing,991.95
897,898,58,Structural,5/16/2024,Surface,Moderate,Manual Testing,247.97
898,899,65,Cosmetic,3/16/2024,Component,Critical,Manual Testing,895.77
899,900,84,Functional,2/16/2024,Surface,Critical,Manual Testing,628.29
900,901,27,Cosmetic,3/20/2024,Internal,Critical,Manual Testing,40.8
901,902,60,Structural,3/12/2024,Component,Minor,Manual Testing,709.87
902,903,88,Functional,5/24/2024,Surface,Minor,Automated Testing,450.31
903,904,4,Cosmetic,4/8/2024,Surface,Moderate,Visual Inspection,577.2
904,905,100,Functional,2/7/2024,Surface,Minor,Manual Testing,431.46
905,906,6,Structural,1/25/2024,Surface,Critical,Visual Inspection,62.68
906,907,4,Structural,2/16/2024,Component,Minor,Visual Inspection,988.05
907,908,31,Functional,4/24/2024,Component,Moderate,Manual Testing,156.46
908,909,6,Functional,3/8/2024,Component,Critical,Visual Inspection,32.9
909,910,43,Functional,2/29/2024,Surface,Moderate,Manual Testing,443.75
910,911,82,Functional,6/7/2024,Component,Minor,Visual Inspection,62.7
911,912,46,Functional,4/28/2024,Component,Moderate,Visual Inspection,278.6
912,913,77,Functional,6/26/2024,Surface,Moderate,Automated Testing,213.48
913,914,89,Functional,6/15/2024,Internal,Critical,Automated Testing,90.11
914,915,66,Cosmetic,3/5/2024,Surface,Moderate,Visual Inspection,108.7
915,916,7,Structural,2/21/2024,Surface,Moderate,Visual Inspection,75.06
916,917,66,Cosmetic,1/4/2024,Component,Critical,Automated Testing,511.65
917,918,24,Functional,6/1/2024,Component,Moderate,Visual Inspection,535.87
918,919,35,Cosmetic,3/1/2024,Internal,Minor,Visual Inspection,585.78
919,920,47,Functional,1/3/2024,Surface,Moderate,Visual Inspection,873.58
920,921,91,Cosmetic,3/9/2024,Internal,Moderate,Automated Testing,73.46
921,922,90,Cosmetic,3/17/2024,Component,Minor,Visual Inspection,793.46
922,923,36,Structural,3/29/2024,Surface,Minor,Visual Inspection,893.77
923,924,2,Cosmetic,6/16/2024,Component,Minor,Manual Testing,409.43
924,925,11,Functional,5/3/2024,Internal,Minor,Automated Testing,351.86
925,926,16,Functional,1/12/2024,Internal,Moderate,Automated Testing,933.37
926,927,44,Cosmetic,3/19/2024,Surface,Moderate,Visual Inspection,333.92
927,928,80,Structural,4/27/2024,Internal,Moderate,Manual Testing,904.57
928,929,5,Functional,4/27/2024,Surface,Critical,Visual Inspection,225.51
929,930,52,Functional,5/14/2024,Component,Critical,Automated Testing,664.52
930,931,81,Structural,2/4/2024,Internal,Critical,Automated Testing,486.49
931,932,80,Functional,5/14/2024,Internal,Moderate,Visual Inspection,127.23
932,933,15,Cosmetic,5/16/2024,Internal,Minor,Visual Inspection,121.96
933,934,62,Cosmetic,5/6/2024,Surface,Minor,Manual Testing,267.64
934,935,46,Structural,1/19/2024,Surface,Critical,Automated Testing,298.03
935,936,7,Cosmetic,2/3/2024,Component,Moderate,Automated Testing,604.72
936,937,94,Structural,4/18/2024,Internal,Critical,Manual Testing,749.05
937,938,38,Structural,4/8/2024,Surface,Minor,Manual Testing,499.34
938,939,92,Cosmetic,2/16/2024,Internal,Moderate,Visual Inspection,590.85
939,940,29,Functional,4/1/2024,Internal,Minor,Manual Testing,355.6
940,941,46,Structural,1/27/2024,Component,Minor,Visual Inspection,266.97
941,942,46,Structural,5/29/2024,Surface,Critical,Visual Inspection,160.08
942,943,79,Cosmetic,4/17/2024,Internal,Moderate,Manual Testing,827.64
943,944,72,Functional,3/11/2024,Surface,Minor,Manual Testing,19.83
944,945,10,Cosmetic,5/24/2024,Surface,Minor,Visual Inspection,989.49
945,946,87,Cosmetic,3/3/2024,Internal,Minor,Manual Testing,133.9
946,947,6,Cosmetic,3/3/2024,Internal,Moderate,Visual Inspection,739.33
947,948,70,Structural,2/16/2024,Component,Moderate,Automated Testing,947.83
948,949,60,Structural,4/11/2024,Surface,Critical,Automated Testing,743.44
949,950,23,Structural,2/23/2024,Surface,Critical,Automated Testing,534.79
950,951,2,Functional,6/8/2024,Internal,Moderate,Visual Inspection,479.56
951,952,23,Structural,2/26/2024,Surface,Critical,Visual Inspection,87.89
952,953,81,Functional,3/27/2024,Surface,Minor,Manual Testing,571.61
953,954,46,Structural,6/17/2024,Surface,Moderate,Visual Inspection,485.1
954,955,85,Functional,2/28/2024,Internal,Minor,Manual Testing,289.68
955,956,43,Functional,3/1/2024,Surface,Critical,Manual Testing,962.48
956,957,13,Structural,5/27/2024,Internal,Minor,Automated Testing,13.19
957,958,25,Structural,4/3/2024,Component,Critical,Visual Inspection,298.81
958,959,53,Cosmetic,4/27/2024,Component,Critical,Automated Testing,916.49
959,960,59,Cosmetic,3/19/2024,Internal,Critical,Automated Testing,15.96
960,961,3,Structural,3/29/2024,Component,Moderate,Visual Inspection,383.65
961,962,78,Cosmetic,1/30/2024,Component,Critical,Manual Testing,612.25
962,963,51,Cosmetic,5/26/2024,Component,Minor,Automated Testing,142.0
963,964,45,Functional,2/13/2024,Component,Critical,Manual Testing,685.35
964,965,45,Functional,6/22/2024,Internal,Critical,Visual Inspection,358.46
965,966,54,Functional,3/29/2024,Internal,Moderate,Visual Inspection,310.35
966,967,81,Functional,3/13/2024,Internal,Moderate,Manual Testing,610.75
967,968,92,Structural,3/3/2024,Internal,Moderate,Visual Inspection,523.61
968,969,6,Structural,3/15/2024,Surface,Minor,Manual Testing,945.17
969,970,33,Structural,1/28/2024,Internal,Minor,Visual Inspection,708.97
970,971,50,Cosmetic,4/7/2024,Component,Minor,Automated Testing,309.87
971,972,97,Cosmetic,1/4/2024,Surface,Critical,Manual Testing,565.48
972,973,14,Structural,6/14/2024,Surface,Critical,Automated Testing,859.52
973,974,39,Cosmetic,1/21/2024,Internal,Critical,Manual Testing,140.02
974,975,3,Functional,1/1/2024,Component,Moderate,Automated Testing,626.35
975,976,79,Cosmetic,5/18/2024,Component,Moderate,Visual Inspection,807.32
976,977,96,Structural,6/8/2024,Internal,Critical,Automated Testing,888.55
977,978,57,Functional,1/29/2024,Component,Moderate,Automated Testing,440.85
978,979,1,Functional,1/11/2024,Internal,Critical,Manual Testing,652.97
979,980,39,Functional,2/29/2024,Internal,Moderate,Visual Inspection,725.44
980,981,75,Cosmetic,1/16/2024,Internal,Minor,Manual Testing,843.66
981,982,9,Cosmetic,3/15/2024,Component,Moderate,Visual Inspection,611.8
982,983,76,Functional,5/16/2024,Surface,Moderate,Automated Testing,712.12
983,984,43,Functional,6/22/2024,Internal,Critical,Manual Testing,941.33
984,985,99,Functional,2/2/2024,Internal,Critical,Automated Testing,112.15
985,986,47,Structural,2/8/2024,Internal,Moderate,Automated Testing,284.7
986,987,26,Cosmetic,5/22/2024,Internal,Minor,Visual Inspection,694.09
987,988,50,Cosmetic,2/5/2024,Surface,Moderate,Automated Testing,102.98
988,989,11,Cosmetic,1/1/2024,Component,Critical,Visual Inspection,398.32
989,990,45,Cosmetic,6/11/2024,Component,Critical,Manual Testing,576.07
990,991,10,Cosmetic,6/8/2024,Internal,Minor,Visual Inspection,51.79
991,992,7,Cosmetic,1/25/2024,Internal,Critical,Visual Inspection,426.31
992,993,83,Functional,3/14/2024,Internal,Critical,Manual Testing,808.65
993,994,77,Cosmetic,2/11/2024,Component,Minor,Visual Inspection,970.37
994,995,41,Cosmetic,1/28/2024,Internal,Moderate,Automated Testing,67.54
995,996,25,Structural,3/1/2024,Component,Minor,Automated Testing,813.14
996,997,23,Functional,3/21/2024,Component,Moderate,Automated Testing,944.07
997,998,17,Structural,1/16/2024,Component,Minor,Automated Testing,401.12
998,999,96,Cosmetic,6/21/2024,Internal,Moderate,Manual Testing,775.63
999,1000,1,Cosmetic,3/23/2024,Component,Minor,Visual Inspection,963.4
